Keyword,Title,URL
python,OMG! Capuchin Monkey Save Mouse From Banded Krait Snake Hunt | Amazing Python vs Big Cat,https://www.youtube.com/watch?v=fr6WJG3Uw3M&pp=ygUGcHl0aG9u
python,Python vs Alligator  01 -- Real Fight -- Python attacks Alligator,https://www.youtube.com/watch?v=rfscVS0vtbw&pp=ygUGcHl0aG9u
python,Learn Python - Full Course for Beginners [Tutorial],https://www.youtube.com/watch?v=YjB0EtL6iUw&pp=ygUGcHl0aG9u
python,Python Tutorial - Python Full Course for Beginners,https://www.youtube.com/watch?v=_Z0pwIcSx2Y&pp=ygUGcHl0aG9u
python,What If Titanoboa Snake Didn't Go Extinct?,https://www.youtube.com/watch?v=r5UCBPQF2ZI&pp=ygUGcHl0aG9u
python,Anaconda Enters Pig Pen--Eats Pig,https://www.youtube.com/watch?v=LEsO_N8_G6E&pp=ygUGcHl0aG9u
python,COLT Python .357 MAGNUM Gun Lighter Restoration,https://www.youtube.com/shorts/k5ZnDHryd5U
python,BIT BY A 20 FOOT PYTHON ü§¶‚Äç‚ôÇÔ∏è,https://www.youtube.com/watch?v=gfDE2a7MKjA&pp=ygUGcHl0aG9u
python,Indigo Snake Eats Python 01 - Snake Cannibalism,https://www.youtube.com/watch?v=XKHEtdqhLK8&pp=ygUGcHl0aG9u
python,Indonesian Food - GIANT PYTHON Snake Curry Manado Indonesia,https://www.youtube.com/watch?v=9Vcc9cJP2hQ&pp=ygUGcHl0aG9u
python,Khatron Ke Khiladi S10 | Even A Python Cannot Stop Tejasswi Prakash,https://www.youtube.com/watch?v=0qiAUc06HJw&pp=ygUGcHl0aG9u
python,All Programmers Can Relate,https://www.youtube.com/watch?v=QMcTJ6Lunzs&pp=ygUGcHl0aG9u
python,DANGEROUS PYTHON SNAKE || MR NAPENDRA SINGH #shorts,https://www.youtube.com/shorts/4I4mlo5JbII
python,Spider-Man And Pitbull Dog Confront One Giant Python 100kg,https://www.youtube.com/shorts/uPghYhogUxQ
python,Python Tutorial For Beginners In Hindi (With Notes) üî•,https://www.youtube.com/watch?v=UmzPf8GhQgE&pp=ygUGcHl0aG9u
python,Biggest Snakes Ever Caught On Camera,https://www.youtube.com/watch?v=fp5-XQFr_nk&pp=ygUGcHl0aG9u
python,Python Full Course for free üêç,https://www.youtube.com/watch?v=jIbI23fvz5Y&pp=ygUGcHl0aG9u
python,Python for Beginners - Learn Python in 1 Hour,https://www.youtube.com/watch?v=JrdEMERq8MA&pp=ygUGcHl0aG9u
python,GIANT ANACONDA SNAKE PYTHON TUMERIC SPICY WITH WHITE WINE - EXTREME KALIMANTAN FOOD,https://www.youtube.com/watch?v=buqtdpuZxvk&pp=ygUGcHl0aG9u
python,Giant Snake Soup - Delicious Big Python Boil For Food - Wilderness Food,https://www.youtube.com/shorts/KWEwNfFrrk4
django,DADJU - Django ft. Franglish (Clip Officiel),https://www.youtube.com/watch?v=tJh5o-HPhmo&pp=ygUGZGphbmdv
django,Freedom - Django Unchained,https://www.youtube.com/watch?v=lSZqC-Nezlw&pp=ygUGZGphbmdv
django,Django - Fichu (Freestyle Video),https://www.youtube.com/watch?v=cAnOt74e9_Q&pp=ygUGZGphbmdv
django,Django,https://www.youtube.com/watch?v=t5uAX0pyD_I&pp=ygUGZGphbmdv
django,Who Did That To You? (John Legend),https://www.youtube.com/watch?v=xxMNhzsa4xQ&pp=ygUGZGphbmdv
django,Django - Oiseaux,https://www.youtube.com/watch?v=B9tF3KgEdAI&pp=ygUGZGphbmdv
django,"James Brown, 2Pac - Unchained (The Payback/Untouchable)",https://www.youtube.com/watch?v=0mz54T1mfKg&pp=ygUGZGphbmdv
django,Django - Billy Cocaine (Prod. Highself),https://www.youtube.com/watch?v=shZih7w1fxs&pp=ygUGZGphbmdv
django,Django Wagner - Kali,https://www.youtube.com/watch?v=vHqvpn5kACM&pp=ygUGZGphbmdv
django,Trinity (Titoli) (Annibale E I Cantori Moderni),https://www.youtube.com/watch?v=BJ80RsAQKqE&pp=ygUGZGphbmdv
django,I count six shots scene django unchained,https://www.youtube.com/watch?v=Ifh6xJQyufc&pp=ygUGZGphbmdv
django,Les Yeux Noirs (Dark Eyes) | Django Reinhardt | Pomplamoose ft. The Vignes Rooftop Revival,https://www.youtube.com/watch?v=mTjQq5rMlEY&pp=ygUGZGphbmdv
django,"Django, Prepare a Coffin | WESTERN | Free Action Movie starring Terence Hill | Full Cowboy Film",https://www.youtube.com/watch?v=JMUhaCXPyg8&pp=ygUGZGphbmdv
django,I Got A Name (Jim Croce),https://www.youtube.com/watch?v=Bz7VrgkgMMA&pp=ygUGZGphbmdv
django,Django Unchained: The sheriff scene,https://www.youtube.com/watch?v=292OszXfGRY&pp=ygUGZGphbmdv
django,Django - Fable,https://www.youtube.com/watch?v=cqBDodtmEdg&pp=ygUGZGphbmdv
django,Django ‚Äì  La sorpresa dentro la bara,https://www.youtube.com/watch?v=XAWpIQATcRE&pp=ygUGZGphbmdv
django,Django Wagner - Dat Ene Moment,https://www.youtube.com/watch?v=AFyIqzQuPB4&pp=ygUGZGphbmdv
django,Django Wagner - Mooie Blauwe Ogen,https://www.youtube.com/watch?v=xRnUyVUJR_E&pp=ygUGZGphbmdv
django,"Samuel Jackson: It's ""impossible"" for Tarantino to be racist (Jan. 6, 2016) | Charlie Rose",https://www.youtube.com/watch?v=7K8j55V3Lvw&pp=ygUGZGphbmdv
web3,Unlock Web3: Hot Wallet Possibilities Explored ‚ö°Ô∏è Hamster Academy,https://www.youtube.com/watch?v=UWSZVfpKuqg&pp=ygUEd2ViMw%3D%3D
web3,Line Goes Up ‚Äì The Problem With NFTs,https://www.youtube.com/watch?v=AbItt0PKQIs&pp=ygUEd2ViMw%3D%3D
web3,COMPRE un NUEVO PAYASO de LA DEEP WEB 3 * Celebra Nuestro CUMPLEA√ëOS,https://www.youtube.com/watch?v=Ks_QkNTbGJY&pp=ygUEd2ViMw%3D%3D
web3,Hot Crypto News: Ethereum ETFs ‚Äî Can They Outshine Bitcoin? Web3 Boom ‚Äî 10M Daily Active Wallets!,https://www.youtube.com/watch?v=gyMwXuJrbJQ&pp=ygUEd2ViMw%3D%3D
web3,ÁµÇÂ∞áÂæπÂ∫ïÊîπËÆä‰∏ÄÂàáÁöÑWeb3.0Ôºå‰∫∫È°ûËµ∞ÂêëÂÖ®Èù¢ËôõÊì¨ÁöÑÈñãÁ´Ø | ËÄÅÈ´òËàáÂ∞èËåâ Mr & Mrs Gao,https://www.youtube.com/watch?v=Y-xlvNPTJaE&pp=ygUEd2ViMw%3D%3D
web3,"Solidity, Blockchain, and Smart Contract Course ‚Äì Beginner to Expert Python Tutorial",https://www.youtube.com/watch?v=Wn_Kb3MR_cU&pp=ygUEd2ViMw%3D%3D
web3,"Learn Blockchain, Solidity, and Full Stack Web3 Development with JavaScript ‚Äì 32-Hour Course",https://www.youtube.com/watch?v=FaEPot10NW8&pp=ygUEd2ViMw%3D%3D
web3,Web3.0: A Libertarian Dystopia,https://www.youtube.com/watch?v=hGjQcTH9P0g&pp=ygUEd2ViMw%3D%3D
web3,Building the Top Crypto Web3 Gaming Company: Pixelverse,https://www.youtube.com/watch?v=Ah30_sq4N38&pp=ygUEd2ViMw%3D%3D
web3,„ÄêWeb3.0„Å®DAO‚ë†„Äë„Ç§„É≥„Çø„Éº„Éç„ÉÉ„Éà‰ª•Êù•„ÅÆÂ§ßÈù©ÂëΩ„Å´‰πó„ÇäÈÅÖ„Çå„Çã„Å®„É§„Éê„ÅÑÔºÅ„Éù„Çπ„ÉàGAFAMÊôÇ‰ª£„ÅÆÂπïÈñã„Åë,https://www.youtube.com/watch?v=BDCT6TYLYdI&pp=ygUEd2ViMw%3D%3D
web3,"Build and Deploy a Modern Web 3.0 Blockchain App | Solidity, Smart Contracts, Crypto",https://www.youtube.com/watch?v=HDZWWFSZUF0&pp=ygUEd2ViMw%3D%3D
web3,What is Web 3.0? (Explained with Animations),https://www.youtube.com/watch?v=OEJGQD1OuKA&t=167s&pp=ygUEd2ViMw%3D%3D
web3,Tu Jo Sang Hai (LYRICS) - Himesh Reshammiya | Arunita Kanjilal | Anand Milind | Sameer Anjaan,https://www.youtube.com/watch?v=meTpMP0J5E8&pp=ygUEd2ViMw%3D%3D
web3,Web3/Metaverse Chat With Mark Zuckerberg,https://www.youtube.com/watch?v=cWcJejr3Fl4&pp=ygUEd2ViMw%3D%3D
web3,"Tu Mile Dil Khile (LYRICS) - Stebin Ben,Asees Kaur | Larissa Monesi | Kumar Sanu",https://www.youtube.com/watch?v=-FZGPzn0KL4&pp=ygUEd2ViMw%3D%3D
web3,Web3.0Âà∞Â∫ïÊòØÊÄé‰πàÂõû‰∫ãÂÑøÔºü,https://www.youtube.com/watch?v=hDfkyF8U-pw&pp=ygUEd2ViMw%3D%3D
web3,"Jahan Base Dil (LYRICS) - Raj Barman | Shivin Narang, Eisha Singh| Nadeem Saifi, Sameer Anjaan",https://www.youtube.com/watch?v=2uYuWiICCM0&pp=ygUEd2ViMw%3D%3D
web3,Is Web3 all Hype? Top 10 Web 3.0 Questions & Answers,https://www.youtube.com/watch?v=q54j35z3fPQ&pp=ygUEd2ViMw%3D%3D
web3,Build and Deploy a Web3 Blockchain Crowdfunding Platform (Kickstarter),https://www.youtube.com/watch?v=WRFbpissttY&pp=ygUEd2ViMw%3D%3D
web3,What is WEB3 (in Hindi)? | Is WEB3 a scam? | Abhi and Niyu,https://www.youtube.com/watch?v=C9ctoK4M9Bk&pp=ygUEd2ViMw%3D%3D
solidity,"Solidity, Blockchain, and Smart Contract Course ‚Äì Beginner to Expert Python Tutorial",https://www.youtube.com/watch?v=M576WGiDBdQ&pp=ygUIc29saWRpdHk%3D
solidity,"Learn Blockchain, Solidity, and Full Stack Web3 Development with JavaScript ‚Äì 32-Hour Course",https://www.youtube.com/watch?v=Wn_Kb3MR_cU&pp=ygUIc29saWRpdHk%3D
solidity,"Build and Deploy a Modern Web 3.0 Blockchain App | Solidity, Smart Contracts, Crypto",https://www.youtube.com/watch?v=ZE2HxTmxfrI&t=219s&pp=ygUIc29saWRpdHk%3D
solidity,Build Your First Blockchain App Using Ethereum Smart Contracts and Solidity,https://www.youtube.com/watch?v=uULy2rc6YDc&pp=ygUIc29saWRpdHk%3D
solidity,Smart contracts - Simply Explained,https://www.youtube.com/watch?v=umepbfKp5rI&pp=ygUIc29saWRpdHk%3D
solidity,"Solidity Tutorial - A Full Course on Ethereum, Blockchain Development, Smart Contracts, and the EVM",https://www.youtube.com/watch?v=aVQJGr2J8io&pp=ygUIc29saWRpdHk%3D
solidity,How to become a Blockchain Developer in 2022?  | üî• Complete Roadmap + Salary + Tech Stack,https://www.youtube.com/watch?v=MnSmc7Hto2k&pp=ygUIc29saWRpdHk%3D
solidity,Zizi - Solidity (Official Visualizer),https://www.youtube.com/watch?v=ooN6kZ9vqNQ&t=90s&pp=ygUIc29saWRpdHk%3D
solidity,"Learn Solidity, Blockchain Development, & Smart Contracts | Powered By AI - Full Course (0 - 6)",https://www.youtube.com/watch?v=RQzuQb0dfBM&pp=ygUIc29saWRpdHk%3D
solidity,Solidity in 100 Seconds,https://www.youtube.com/watch?v=jcgfQEbptdo&pp=ygUIc29saWRpdHk%3D
solidity,Become a Web 3 & Blockchain Developer in 2023 | Practical Step by Step Solidity and Web3 Roadmap,https://www.youtube.com/watch?v=PViaQgO_X8s&pp=ygUIc29saWRpdHk%3D
solidity,Solidity Programming Tutorial Hindi | Solidity - Ethereum | Code Eater - Blockchain,https://www.youtube.com/watch?v=AYpftDFiIgk&pp=ygUIc29saWRpdHk%3D
solidity,Intro to Solidity Programming Language - Ethereum Blockchain Developer Tutorial for Beginners,https://www.youtube.com/watch?v=ZH_7nEIJDUY&pp=ygUIc29saWRpdHk%3D
solidity,Learning Solidity : Tutorial 1 The Basics,https://www.youtube.com/watch?v=p3C7jljTXaA&pp=ygUIc29saWRpdHk%3D
solidity,How To Code Your First Ethereum Smart Contract,https://www.youtube.com/watch?v=FAMWIoKvfRs&pp=ygUIc29saWRpdHk%3D
solidity,"Solidity –∏ —Å–º–∞—Ä—Ç-–∫–æ–Ω—Ç—Ä–∞–∫—Ç—ã Ethereum, —É—Ä–æ–∫ #1 (–ê–ü–î–ï–ô–¢ –í –ó–ê–ö–†–ï–ü–ï) | –ò–Ω—Ç—Ä–æ, Remix IDE, –ø–µ—Ä–≤—ã–π –∫–æ–Ω—Ç—Ä–∞–∫—Ç",https://www.youtube.com/watch?v=4Mm3BCyHtDY&pp=ygUIc29saWRpdHk%3D
solidity,Learn Solidity in 20 Minutes!,https://www.youtube.com/watch?v=bZKVfXmzRDw&pp=ygUIc29saWRpdHk%3D
solidity,Learn Solidity: The COMPLETE Beginner‚Äôs Guide (Latest Version 0.8),https://www.youtube.com/watch?v=TmZ8gH-toX0&pp=ygUIc29saWRpdHk%3D
solidity,Learn Blockchain & Solidity Development   Full Course 2024,https://www.youtube.com/watch?v=rrGiPR6JY8w&pp=ygUIc29saWRpdHk%3D
solidity,How to generate .4 ETH using an automated solidity bot in just 28 hours !,https://www.youtube.com/watch?v=76So4jCysAQ&pp=ygUIc29saWRpdHk%3D
