Channel,Subscribers,Link
@abcnewsaustralia,2.01M subscribers,https://www.youtube.com/@abcnewsaustralia
@cricketcomau,9.23M subscribers,https://www.youtube.com/@cricketcomau
@DiscoveryAustralia,661K subscribers,https://www.youtube.com/@DiscoveryAustralia
@GardeningAustralia,232K subscribers,https://www.youtube.com/@GardeningAustralia
@7news,1.68M subscribers,https://www.youtube.com/@7news
@4X4Australia,99.4K subscribers,https://www.youtube.com/@4X4Australia
@AustralianCrime,182K subscribers,https://www.youtube.com/@AustralianCrime
@overseasstudentsaustralia,77K subscribers,https://www.youtube.com/@overseasstudentsaustralia
@chasingcars,178K subscribers,https://www.youtube.com/@chasingcars
@ybsyoungbloods,7.52M subscribers,https://www.youtube.com/@ybsyoungbloods
@abckids,93.6K subscribers,https://www.youtube.com/@abckids
@DashCamOwnersAustralia,450K subscribers,https://www.youtube.com/@DashCamOwnersAustralia
@penduaustralia,182K subscribers,https://www.youtube.com/@penduaustralia
@9NewsAUS,1.41M subscribers,https://www.youtube.com/@9NewsAUS
@SkyNewsAustralia,4.02M subscribers,https://www.youtube.com/@SkyNewsAustralia
@Channel10AU,119K subscribers,https://www.youtube.com/@Channel10AU
@60MinutesAU,5.64M subscribers,https://www.youtube.com/@60MinutesAU
@howridiculous,21.2M subscribers,https://www.youtube.com/@howridiculous
@foxsportsaus,159K subscribers,https://www.youtube.com/@foxsportsaus
@NADHIRAVLOGTAMIL,218K subscribers,https://www.youtube.com/@NADHIRAVLOGTAMIL
@TheVoiceAustralia,1.62M subscribers,https://www.youtube.com/@TheVoiceAustralia
@GuardianAustralia,65K subscribers,https://www.youtube.com/@GuardianAustralia
@australia,74.2K subscribers,https://www.youtube.com/@australia
@australianballet,117K subscribers,https://www.youtube.com/@australianballet
@BondiRescue,2.54M subscribers,https://www.youtube.com/@BondiRescue
@carsguide,267K subscribers,https://www.youtube.com/@carsguide
@yeahmadtv,2.09M subscribers,https://www.youtube.com/@yeahmadtv
@norrisnuts,7.38M subscribers,https://www.youtube.com/@norrisnuts
@mightycarmods,3.83M subscribers,https://www.youtube.com/@mightycarmods
@BetaSquad,9.25M subscribers,https://www.youtube.com/@BetaSquad
@BrytonMyler,3.14M subscribers,https://www.youtube.com/@BrytonMyler
@paba-amomslife,74.5K subscribers,https://www.youtube.com/@paba-amomslife
@CarExpertAus,442K subscribers,https://www.youtube.com/@CarExpertAus
@SangeethDiniVlogs,618K subscribers,https://www.youtube.com/@SangeethDiniVlogs
@BlueyOfficialChannel,5.85M subscribers,https://www.youtube.com/@BlueyOfficialChannel
@primitivetechnology9550,10.9M subscribers,https://www.youtube.com/@primitivetechnology9550
@4WD247,1.11M subscribers,https://www.youtube.com/@4WD247
@OverSimplified,8.37M subscribers,https://www.youtube.com/@OverSimplified
@PrimeAsiaTV,2.2M subscribers,https://www.youtube.com/@PrimeAsiaTV
@BondiVet,1.55M subscribers,https://www.youtube.com/@BondiVet
@LazarBeam,21.8M subscribers,https://www.youtube.com/@LazarBeam
@truecrimeaustralia,53.1K subscribers,https://www.youtube.com/@truecrimeaustralia
@Formula1,10.4M subscribers,https://www.youtube.com/@Formula1
@SubaruAustralia,79.2K subscribers,https://www.youtube.com/@SubaruAustralia
@ShammiLTD,2.03M subscribers,https://www.youtube.com/@ShammiLTD
@fordofaustralia,67.2K subscribers,https://www.youtube.com/@fordofaustralia
@friendlyjordies,1.29M subscribers,https://www.youtube.com/@friendlyjordies
@FlyingPassport,494K subscribers,https://www.youtube.com/@FlyingPassport
@SydneyWatson,964K subscribers,https://www.youtube.com/@SydneyWatson
@lazarlazar,4.46M subscribers,https://www.youtube.com/@lazarlazar
@NewMoneyYouTube,857K subscribers,https://www.youtube.com/@NewMoneyYouTube
@Steve1989MRE,2.14M subscribers,https://www.youtube.com/@Steve1989MRE
@NewMoneyYouTube,857K subscribers,https://www.youtube.com/@NewMoneyYouTube
@Steve1989MRE,2.14M subscribers,https://www.youtube.com/@Steve1989MRE
@SunnyV2,3.9M subscribers,https://www.youtube.com/@SunnyV2
@Archaix138,148K subscribers,https://www.youtube.com/@Archaix138
@hillsong,606K subscribers,https://www.youtube.com/@hillsong
@ozzymanreviews,5.97M subscribers,https://www.youtube.com/@ozzymanreviews
@AustrianBrickFan,1.53M subscribers,https://www.youtube.com/@AustrianBrickFan
@nanduchintuvlogs,648K subscribers,https://www.youtube.com/@nanduchintuvlogs
@himynameispriya,4.88M subscribers,https://www.youtube.com/@himynameispriya
@martincitopants,2.09M subscribers,https://www.youtube.com/@martincitopants
@ellieV,2.54M subscribers,https://www.youtube.com/@ellieV
@Boy_Boy,999K subscribers,https://www.youtube.com/@Boy_Boy
@EmpireFamily,1M subscribers,https://www.youtube.com/@EmpireFamily
@HowToCookThat,4.95M subscribers,https://www.youtube.com/@HowToCookThat
@bigstackD,1.46M subscribers,https://www.youtube.com/@bigstackD
@MrBallen,8.79M subscribers,https://www.youtube.com/@MrBallen
@FairbairnFilms,1.7M subscribers,https://www.youtube.com/@FairbairnFilms
@simplyrhaze,1.63M subscribers,https://www.youtube.com/@simplyrhaze
@QuinnEverly,217K subscribers,https://www.youtube.com/@QuinnEverly
@TheHairLossShow,119K subscribers,https://www.youtube.com/@TheHairLossShow
@DankPods,1.62M subscribers,https://www.youtube.com/@DankPods
@EEVblog,935K subscribers,https://www.youtube.com/@EEVblog
@EleanorNeale,2.7M subscribers,https://www.youtube.com/@EleanorNeale
@TAINATHEMUMOF10,954K subscribers,https://www.youtube.com/@TAINATHEMUMOF10
@BubGames,512K subscribers,https://www.youtube.com/@BubGames
@msmoniteaches,94K subscribers,https://www.youtube.com/@msmoniteaches
@LifeWithAussies,234K subscribers,https://www.youtube.com/@LifeWithAussies
@MassageASMR,959K subscribers,https://www.youtube.com/@MassageASMR
@ashwariyamukherjee,329K subscribers,https://www.youtube.com/@ashwariyamukherjee
@All4AdventureTV,344K subscribers,https://www.youtube.com/@All4AdventureTV
@codyko2,2.27M subscribers,https://www.youtube.com/@codyko2
@superwog,3.46M subscribers,https://www.youtube.com/@superwog
@UnlistedLeaf,2.73M subscribers,https://www.youtube.com/@UnlistedLeaf
@simonesquared,862K subscribers,https://www.youtube.com/@simonesquared
@livingbig,4.57M subscribers,https://www.youtube.com/@livingbig
@NiksIndian,58.7K subscribers,https://www.youtube.com/@NiksIndian
@NRL,372K subscribers,https://www.youtube.com/@NRL
@mattp1tommy,470K subscribers,https://www.youtube.com/@mattp1tommy
@MotherTheMountain,744K subscribers,https://www.youtube.com/@MotherTheMountain
@PetHouse786,757K subscribers,https://www.youtube.com/@PetHouse786
@AussieAsmrMan,70K subscribers,https://www.youtube.com/@AussieAsmrMan
@SailingLaVagabonde,1.9M subscribers,https://www.youtube.com/@SailingLaVagabonde
@ShierlyMik,1.88M subscribers,https://www.youtube.com/@ShierlyMik
@AussieRCPlayground,71.2K subscribers,https://www.youtube.com/@AussieRCPlayground
@veritasium,15.4M subscribers,https://www.youtube.com/@veritasium
@TheUrbanRescueRanch,2.93M subscribers,https://www.youtube.com/@TheUrbanRescueRanch
@boldyaktv,258K subscribers,https://www.youtube.com/@boldyaktv
@SailingZatara,598K subscribers,https://www.youtube.com/@SailingZatara
@PREZLEY,2.33M subscribers,https://www.youtube.com/@PREZLEY
@natgeokids,1.12M subscribers,https://www.youtube.com/@natgeokids
@JimJefferiesOfficial,300K subscribers,https://www.youtube.com/@JimJefferiesOfficial
@alaskaviolet,1.31M subscribers,https://www.youtube.com/@alaskaviolet
@koreanenglishman,5.92M subscribers,https://www.youtube.com/@koreanenglishman
@PersonalFinancewithRaviSharma,66K subscribers,https://www.youtube.com/@PersonalFinancewithRaviSharma
@MichaelSealey,1.86M subscribers,https://www.youtube.com/@MichaelSealey
@TechTravelEat,2.15M subscribers,https://www.youtube.com/@TechTravelEat
@PersonalFinancewithRaviSharma,66K subscribers,https://www.youtube.com/@PersonalFinancewithRaviSharma
@KaraandNate,3.82M subscribers,https://www.youtube.com/@KaraandNate
@Jazza,6.52M subscribers,https://www.youtube.com/@Jazza
@CasuallyExplained,4.03M subscribers,https://www.youtube.com/@CasuallyExplained
@deligracy,1.21M subscribers,https://www.youtube.com/@deligracy
@TheRybkaTwins,8.25M subscribers,https://www.youtube.com/@TheRybkaTwins
@Aurikatariina,3.91M subscribers,https://www.youtube.com/@Aurikatariina
@harryjaggardtravel,1.46M subscribers,https://www.youtube.com/@harryjaggardtravel
@SinthiaRahmanMakeup,135K subscribers,https://www.youtube.com/@SinthiaRahmanMakeup
@CarCraftAutoDetailing,232K subscribers,https://www.youtube.com/@CarCraftAutoDetailing
@jackdauth,607K subscribers,https://www.youtube.com/@jackdauth
@LukeTowan,1.2M subscribers,https://www.youtube.com/@LukeTowan
@thegradecricketer9633,275K subscribers,https://www.youtube.com/@thegradecricketer9633
@bwftv,3.05M subscribers,https://www.youtube.com/@bwftv
@DanielleKirsty11,978K subscribers,https://www.youtube.com/@DanielleKirsty11
@mrindianhackervlogs,2.88M subscribers,https://www.youtube.com/@mrindianhackervlogs
@yeptheboys,5.06M subscribers,https://www.youtube.com/@yeptheboys
@CPAPReviews,141K subscribers,https://www.youtube.com/@CPAPReviews
@Marionskitchen,1.89M subscribers,https://www.youtube.com/@Marionskitchen
@SLIGHTLYOFFENSIVETV,555K subscribers,https://www.youtube.com/@SLIGHTLYOFFENSIVETV
@Therackaracka,6.84M subscribers,https://www.youtube.com/@Therackaracka
@Saigrace,699K subscribers,https://www.youtube.com/@Saigrace
@thegradecricketer9633,275K subscribers,https://www.youtube.com/@thegradecricketer9633
@OverwatchContenders,166K subscribers,https://www.youtube.com/@OverwatchContenders
@RJRaunacNoPo_,2.84M subscribers,https://www.youtube.com/@RJRaunacNoPo_
@Hasan,194K subscribers,https://www.youtube.com/@Hasan
@Bangladeshi.in.Australia,151K subscribers,https://www.youtube.com/@Bangladeshi.in.Australia
@DarkViperAU,1.58M subscribers,https://www.youtube.com/@DarkViperAU
@GLITCH,8.7M subscribers,https://www.youtube.com/@GLITCH
@MillerWilson,1.51M subscribers,https://www.youtube.com/@MillerWilson
@ModestPelican,2.27M subscribers,https://www.youtube.com/@ModestPelican
@GreatHomeIdeas,924K subscribers,https://www.youtube.com/@GreatHomeIdeas
@bouncepatrol,29M subscribers,https://www.youtube.com/@bouncepatrol
@MartyandMichael,995K subscribers,https://www.youtube.com/@MartyandMichael
@vinRL,2.91M subscribers,https://www.youtube.com/@vinRL
@GradeAUnderA,3.75M subscribers,https://www.youtube.com/@GradeAUnderA
@CosmicKidsYoga,1.58M subscribers,https://www.youtube.com/@CosmicKidsYoga
@natachaoceane,1.68M subscribers,https://www.youtube.com/@natachaoceane
@MiddleEastEye,2.03M subscribers,https://www.youtube.com/@MiddleEastEye
@DAVINEJAYRUGRAT,513K subscribers,https://www.youtube.com/@DAVINEJAYRUGRAT
@jessandgabriel,3.23M subscribers,https://www.youtube.com/@jessandgabriel
